KEY,English,Deutsch,Français,Italiano,Spanish,Portuguese (Euro),Portuguese (Brazil),Polish,Russian,Japanese,Chinese (simplified),Chinese (traditional),Korean,Turkish,Greek,Dutch,Vietnamese
dialogue_O7KfC4q,@q0 @d1\nName is optional. \n@w2\nDepends if this <i><b>Human </b></i><color=#ffffff>makes itself one.</color>,,,,,,,,"@q0 @d1\nИмя — дело необязательное. \n@w2\nЗависит от того, захочет ли это <i><b>человек</b></i><color=#ffffff> себе его дать.</color>",,,,,,,,
dialogue_0CGeK8C,<color=#c0c0c0>The </color><color=#0080ff><b>Captain</b></color>,,,,,,,,<color=#c0c0c0></color><color=#0080ff><b>Капитан</b></color>,,,,,,,,
dialogue_qeumKim,"@q0 @d1\nSensors are calm, but I've got a <b>bad feeling</b> about this sector ...\n@w2\n... And <color=#ffffff>Galleon</color> is already exploding things ...!",,,,,,,,"@q0 @d1\nДатчики спокойны, но у меня <b>дурное предчувствие</b> насчёт этого сектора... \n@w2\n... А <color=#ffffff>Галеон</color> уже что-то взрывает...!",,,,,,,,
dialogue_CKaCSiU,"OK, I will talk to Galleon ... <color=#ffffff>[Skip all]</color>",,,,,,,,"Ладно, поговорю с Галеоном... <color=#ffffff>[Пропустить всё]</color>",,,,,,,,
dialogue_3ui4We4,Why did you lock the Bunk door?,,,,,,,,Зачем ты запер дверь каюты?,,,,,,,,
dialogue_O0GiWe4,"@q0 @d1 Then get going<i>, </i>Human.\n@w1\n<i><b>Earn </b>your ride.</i>\n@w1<i></i>\n... Your <color=#ffffff>home fleet </color>isn't waiting ...",,,,,,,,"@q0 @d1 Тогда вперёд<i>, </i>человек.\n@w1\n<i><b>Отработай</b> свою поездку.</i>\n@w1<i></i>\n... Твой <color=#ffffff>родной флот</color> ждать не станет...",,,,,,,,
dialogue_qW4i0i8,@q0 \n@d1 I will surely miss your<i> <b>art</b>...</i>,,,,,,,,@q0 \n@d1 Я определённо буду скучать по твоему<i> <b>искусству</b>...</i>,,,,,,,,
dialogue_8AY8mMK,>>,,,,,,,,>>,,,,,,,,
dialogue_m4q88ea,@q0 @d1\nReally impressive.\n@w1\n... Maybe we can get into a <b>future cooperation </b>about this.,,,,,,,,"@q0 @d1\nВесьма впечатляет.\n@w1\n... Возможно, нам стоит подумать о <b>сотрудничестве</b> в будущем.",,,,,,,,
dialogue_8aG4GGW,The fleet... <i>How long</i> did you know about it ?!,,,,,,,,Флот... <i>Как давно</i> ты о нём знаешь?!,,,,,,,,
dialogue_0OeqSq9,@q0 @d1\nNo matter. @w1 Still impressive.\n@w1\n... Maybe we can get into a <b>future cooperation </b>about this.,,,,,,,,"@q0 @d1\nНеважно. @w1 Всё равно впечатляет.\n@w1\n... Возможно, нам стоит подумать о <b>сотрудничестве</b> в будущем.",,,,,,,,
dialogue_8iu4iGi,<i>[ Leave ]</i>,,,,,,,,<i>[ Уйти ]</i>,,,,,,,,
dialogue_uMuGiqm,@q0 @d1\nYour kind is really hard to track down. \n@w1\nAs if it would be<b> on the run</b> ...?\n@w2\n... Who knows when we can finally <i><color=#ffffff>catch up</color></i> ...,,,,,,,,"@q0 @d1\nВаш народ очень трудно выследить. \n@w1\nБудто вы<b> в бегах</b>...?\n@w2\n... Кто знает, когда нам наконец удастся вас <i><color=#ffffff>догнать</color></i>...",,,,,,,,
dialogue_mKCKO40,Another painting ?,,,,,,,,Ещё одна картина?,,,,,,,,
dialogue_CaiGGKa,@q0 @d1\nJust ... \n@w1 One.\n@w3\n- Now <i>please</i><color=#ffffff> help Galleon</color> ! We have stashed enough explosives to shred a Battlecruiser...,,,,,,,,"@q0 @d1\nВсего лишь... \n@w1 Одна.\n@w3\n- А теперь <i>пожалуйста</i><color=#ffffff> помоги Галеону</color>! Мы припасли достаточно взрывчатки, чтобы разнести линейный крейсер...",,,,,,,,
dialogue_mEi88ui,"@q0 @d1\nThey are in a system nearby. @w1 \nIt seems, they ran into some <color=#ffffff>Zirax </color>... ?\n@w2\n... Lots of <b><i>explosions </i></b>...",,,,,,,,"@q0 @d1\nОни в соседней системе. @w1 \nПохоже, столкнулись с какими-то <color=#ffffff>Зираксами</color>...?\n@w2\n... Там много <b><i>взрывов</i></b>...",,,,,,,,
dialogue_GmWKm4G,>>,,,,,,,,>>,,,,,,,,
dialogue_Wi8au4W,"@q0 @d1\nOh, it was locked ... ?",,,,,,,,"@q0 @d1\nОх, она была заперта...?",,,,,,,,
dialogue_DuuaWiq,Yes.,,,,,,,,Да.,,,,,,,,
dialogue_SuOWSOq,@q0 @d1\nWe are in <b>dangerous </b>space.,,,,,,,,@q0 @d1\nМы находимся в <b>опасном</b> космосе.,,,,,,,,
dialogue_mKmmOOC,<i>( Just wait and look at him )</i>,,,,,,,,<i>( Просто подожди и посмотри на него )</i>,,,,,,,,
dialogue_OC8Smea,@q0 @d1\nIt's for your <b>own wellbeing.</b>,,,,,,,,@q0 @d1\nЭто для твоего <b>же блага.</b>,,,,,,,,
dialogue_iKOpWi4,<i>( He seems to be shaking ...? )</i>,,,,,,,,"<i>( Кажется, его трясёт...? )</i>",,,,,,,,
dialogue_c4ak8aK,What is it?,,,,,,,,Что случилось?,,,,,,,,
dialogue_u0qKmWq,@q0 @d1 Got back to your senses? @w1 Good.\nWe need to move.,,,,,,,,@q0 @d1 Пришёл в себя? @w1 Хорошо.\nНам пора двигаться.,,,,,,,,
dialogue_Sqom8gi,<color=#c0c0c0>The</color> <color=#0080ff><b>Captain</b></color>,,,,,,,,<color=#c0c0c0></color> <color=#0080ff><b>Капитан</b></color>,,,,,,,,
dialogue_C8eq0Ce,<i>[ Leave ]</i>,,,,,,,,<i>[ Уйти ]</i>,,,,,,,,
dialogue_meeCqie,@q0 @d1\n- Opening hangar doors.,,,,,,,,@q0 @d1\n- Открываю двери ангара.,,,,,,,,
dialogue_mmm2g0q,<i>[ Leave ]</i>,,,,,,,,<i>[ Уйти ]</i>,,,,,,,,
dialogue_eGuuu7m,@q0 @d1 \n... You said you were a<color=#ffffff> soldier pilot </color>?\n@w1\nAre all humans as <b>Creative </b>as you ...?<i></i>,,,,,,,,"@q0 @d1 \n... Ты говорил, что ты<color=#ffffff> военный пилот</color>?\n@w1\nВсе люди настолько <b>изобретательны</b>, как ты...?<i></i>",,,,,,,,
dialogue_OG4G06v,Many are.,,,,,,,,Многие.,,,,,,,,
dialogue_28aauec,Some...,,,,,,,,Некоторые...,,,,,,,,
dialogue_GWGq8a4,All of them. But each one differently.,,,,,,,,Все. Просто каждый по-своему.,,,,,,,,
dialogue_OCS0K0K,I'm not much Creative.,,,,,,,,Я не слишком изобретательный.,,,,,,,,
dialogue_i4qGeqi,<i>[ Leave ]</i>,,,,,,,,<i>[ Уйти ]</i>,,,,,,,,
dialogue_Ci4GC4k,@q0 @d1\n-<color=#ffff00> Armor locker</color> is to your left.,,,,,,,,@q0 @d1\n-<color=#ffff00> Шкаф с бронёй</color> слева от тебя.,,,,,,,,
dialogue_G8mqu8e,<i>[ Leave ]</i>,,,,,,,,<i>[ Уйти ]</i>,,,,,,,,
dialogue_asqiSm4,Found the leak. - A block is not airtight.,,,,,,,,Нашёл утечку. Один из блоков негерметичен.,,,,,,,,
dialogue_CeeOGmq,"I found the leak. - <i>And</i>, your hidden stash.",,,,,,,,Я нашёл утечку. И <i>твой</i> тайник заодно.,,,,,,,,
dialogue_KOalue0,"@q0 @d1 Broke the last good drill. Now there just the <b><color=#ff8000>Cursed Tool</color></b> left.\n@w1\nI will not touch that...\n@w1\nBut for <b>Squishies </b>like you, it will be good.",,,,,,,,"@q0 @d1 Сломал последний нормальный бур. Остался только <b><color=#ff8000>Проклятый инструмент</color></b>.\n@w1\nЯ к нему и пальцем не притронусь...\n@w1\nНо для таких <b>мягкотелых</b>, как ты, сойдёт.",,,,,,,,
dialogue_KCpaOq8,... Cursed ...?,,,,,,,,... Проклятый...?,,,,,,,,
dialogue_80iiWKm,"Ok, will do. <i> <color=#ffffff>[Leave]</color></i>",,,,,,,,"Ладно, сделаю. <i><color=#ffffff>[Уйти]</color></i>",,,,,,,,
dialogue_AqmSm80,@q0 @d1 Captain likes it.\n@w1\n I cannot comprehend.\n@w1\nOne of his more ... @w1 <color=#ffffff>strange 'collections'</color>. @w1 I suppose... @w1...,,,,,,,,@q0 @d1 Капитану это нравится.\n@w1\nЯ не понимаю.\n@w1\nОчередная его... @w1 <color=#ffffff>странная «коллекция»</color>. @w1 Наверное... @w1...,,,,,,,,
dialogue_OigeOqs,<i>(( Is Galleon staring at me ...? ))</i>,,,,,,,,<i>(( Галеон на меня пялится...? ))</i>,,,,,,,,
dialogue_jqKm8aW,@q0 @d1 It talks. \n@w1\nA lot.\n@w1\nIn my head.,,,,,,,,@q0 @d1 Оно говорит. \n@w1\nМного говорит.\n@w1\nПрямо у меня в голове.,,,,,,,,
dialogue_GSaWesK,"@q0 @d1 I finally made a <color=#ffffff>farm</color>. \n@w1\nIt is <i><b>perfect</b></i>. @w2 \nSprouts have all it needs. Pots, Light. @w1\nBut it does not work. @w1 Why.",,,,,,,,"@q0 @d1 Я наконец-то сделал <color=#ffffff>ферму</color>. \n@w1\nОна <i><b>идеальна</b></i>. @w2 \nУ ростков есть всё нужное: горшки, свет. @w1\nНо она не работает. @w1 Почему.",,,,,,,,
dialogue_u8aqeuu,You are frustrated again. You are exploding things.,,,,,,,,Ты опять злишься. Сейчас снова начнёшь что-нибудь взрывать.,,,,,,,,
dialogue_8acmKCu,>>,,,,,,,,>>,,,,,,,,
dialogue_Cua8W8e,"@q0 @d1 Find out what hinders the plant's construction process.\n@w2 \nFarm has <b>no oxygen.</b> @w1 <color=#ffffff><color=#ffff00>Suit up</color>. </color>\n@w1 - Put on an a<b> spacewalk</b> <color=#ffffff>booster</color>, too.",,,,,,,,"@q0 @d1 Выясни, что мешает растениям расти.\n@w2 \nНа ферме <b>нет кислорода.</b> @w1 <color=#ffffff><color=#ffff00>Надень броню</color>.</color>\n@w1 - И поставь <b>космический</b> <color=#ffffff>бустер</color>.",,,,,,,,
dialogue_CaGCame,Ok. <i><color=#ffffff>[End]</color></i>,,,,,,,,Ладно. <i><color=#ffffff>[Конец]</color></i>,,,,,,,,
dialogue_e0mO674,@q0 @d1\nYou again.,,,,,,,,@q0 @d1\nОпять ты.,,,,,,,,
dialogue_GKYGqaK,Galleon,,,,,,,,Галеон,,,,,,,,
dialogue_W4Ga8me,The Human...,,,,,,,,Человек...,,,,,,,,
dialogue_ee8qaOm,"I do have a name, you know...?",,,,,,,,"Вообще-то у меня есть имя, знаешь ли...",,,,,,,,
dialogue_uqqaq0q,What is it...?,,,,,,,,И какое же...?,,,,,,,,
dialogue_oSOi8CC,@q0 The Human...,,,,,,,,@q0 Человек...,,,,,,,,
dialogue_KOimaSe,Galleon,,,,,,,,Галеон,,,,,,,,
dialogue_Gi44quK,It's open to <i>space</i>...? No wonder it does not grow!,,,,,,,,"Она же выходит прямо в <i>открытый космос</i>...? Неудивительно, что там ничего не растёт!",,,,,,,,
dialogue_iuaaiul,"@q0 @d1 I know.\n\n@w1 You have that sensor in your squishy skull. @w1\nIt will help you, to find the <color=#ffffff>leak</color>.",,,,,,,,@q0 @d1 Я знаю.\n\n@w1 У тебя в мягкотелой голове есть этот датчик. @w1\nОн поможет тебе найти <color=#ffffff>утечку</color>.,,,,,,,,
dialogue_4ma4eY0,Don't you have one yourself?,,,,,,,,А у тебя самого такого нет?,,,,,,,,
dialogue_0uqKmew,"Ok, let's go. <i><color=#ffffff>[End]</color></i>",,,,,,,,"Ладно, пошли. <i><color=#ffffff>[Конец]</color></i>",,,,,,,,
dialogue_O4aSaS4,"@q0 @d1 \nMine <b>broke </b>years ago.\n\n@w2 In this profession, hull breaches are very<i> easy</i> to spot.",,,,,,,,@q0 @d1 \nМой <b>сломался</b> много лет назад.\n\n@w2 В этой работе пробоины в корпусе очень <i>легко</i> заметить.,,,,,,,,
dialogue_4CG8SGe,"Ok, let's go.",,,,,,,,"Ладно, пошли.",,,,,,,,
dialogue_OOS0S0e,<color=#ffffff><b>Fleet Command</b></color>,,,,,,,,<color=#ffffff><b>Командование флота</b></color>,,,,,,,,
dialogue_USqCJKC,<color=#ff8000><b>Galleon</b></color>,,,,,,,,<color=#ff8000><b>Галеон</b></color>,,,,,,,,
dialogue_iLOq5CK,@q0 @d1\nIt's effort-adjusted salary.,,,,,,,,@q0 @d1\nЗарплата с поправкой на приложенные усилия.,,,,,,,,
dialogue_uLKG0i4,>>,,,,,,,,>>,,,,,,,,
dialogue_eG08qmO,"@q0 @d1\nYou will see for yourself. @w1\nIt is outside, waiting in a box.",,,,,,,,"@q0 @d1\nСам увидишь. @w1\nОна снаружи, ждёт в ящике.",,,,,,,,
dialogue_84Ku6CO,... How did you find the fleet?,,,,,,,,... Как ты нашёл флот?,,,,,,,,
dialogue_iSeCei8,@q0 @d1\n\nJust the usual. \n@w1 Signals. @w1 Contacts. @w1 Rumors...,,,,,,,,@q0 @d1\n\nДа как обычно. \n@w1 Сигналы. @w1 Связи. @w1 Слухи...,,,,,,,,
dialogue_4CaeOSw,>>,,,,,,,,>>,,,,,,,,
dialogue_iqSC80u,@q0 @d1\n\n... Offers on Slave market. @w1 Exotics black market. @w1 Morgues. @w1 <i>Zoos...</i>\nWherever a human should be expected.,,,,,,,,"@q0 @d1\n\n... Предложения на рынке рабов. @w1 Чёрный рынок экзотики. @w1 Морги. @w1 <i>Зоопарки...</i>\nТам, где и стоило искать человека.",,,,,,,,
dialogue_iiqu8ru,In a grand mood today...?,,,,,,,,Ты сегодня в отличном настроении...?,,,,,,,,
dialogue_0SmiGWm,This ship has no holding cells.,,,,,,,,На этом корабле нет камер для пленных.,,,,,,,,
dialogue_YeUWeq4,"@q0 @d1\nYeah. @w2 \n\nI would prefer to sell <b>exotic art</b>, instead of exotic people.",,,,,,,,"@q0 @d1\nДа. @w2 \n\nЯ бы лучше продавал <b>экзотическое искусство</b>, а не экзотических людей.",,,,,,,,
dialogue_KAOmWWi,>>,,,,,,,,>>,,,,,,,,
dialogue_okWWa0S,@q0 @d1\nSome of your stuff could go into a <color=#ffffff>Polaris board</color> meeting room. \n@w2\nThey like it 'quaint'.,,,,,,,,@q0 @d1\nНекоторые твои вещи отлично смотрелись бы в переговорной <color=#ffffff>совета «Поларис»</color>. \n@w2\nИм нравится всё такое «самобытное».,,,,,,,,
dialogue_C8ma04K,<i>[ Leave ]</i>,,,,,,,,<i>[ Уйти ]</i>,,,,,,,,
dialogue_iQSaK8G,"@q0 @d1\nSo, listen up, both of you. \n\n@w1- <i><color=#ffffff>Ship's been hit</color>,</i> @w1 - wrong spot, @w1 - <b>all tragic</b>.\n\n@w1- <color=#ffffff>Ammo is cooking</color> off.",,,,,,,,"@q0 @d1\nТак, слушайте оба. \n\n@w1- <i><color=#ffffff>Корабль получил попадание</color>,</i> @w1 - куда не надо, @w1 - <b>всё очень печально</b>.\n\n@w1- <color=#ffffff>Боеприпасы вот-вот начнут рваться</color>.",,,,,,,,
dialogue_uCCIso2,>>,,,,,,,,>>,,,,,,,,
dialogue_vSmQKim,"@q0 @d1\nYou don't trust me, I don't trust <i>anyone,</i> - @w1 - <color=#ffffff>We have to LEAVE</color>, NOW.",,,,,,,,"@q0 @d1\nТы мне не доверяешь, а я не доверяю <i>никому.</i> @w1 - <color=#ffffff>НАДО УХОДИТЬ</color>. НЕМЕДЛЕННО.",,,,,,,,
dialogue_CO8sWG4,>>,,,,,,,,>>,,,,,,,,
dialogue_qGSq8ia,"@q0 @d1 \nWait,<i> what the</i> – @w1  - <b>Galleon</b>?!",,,,,,,,"@q0 @d1 \nСтой, <i>какого...</i> @w1 - <b>Галеон</b>?!",,,,,,,,
dialogue_G80B0CS,>>,,,,,,,,>>,,,,,,,,
dialogue_aS00Yu4,@q0 @d1 \nCurse you ...,,,,,,,,@q0 @d1 \nБудь ты проклят...,,,,,,,,
dialogue_8q4KgOC,>>,,,,,,,,>>,,,,,,,,
dialogue_OukSqSa,"@q0 @d1 \n- Human, @w1 the <b>ship is lost</b>. @w1 <color=#ffffff>Get to the teleporter ! </color>\n@w1\n<i>Meet you at the other side</i>… !",,,,,,,,"@q0 @d1 \n- Человек, @w1 <b>корабль потерян</b>. @w1 <color=#ffffff>К телепортеру, быстро!</color>\n@w1\n<i>Увидимся на той стороне</i>…!",,,,,,,,
dialogue_GqC4Kem,<i>(( End of transmission </i><i>))</i>,,,,,,,,<i>(( Конец передачи </i><i>))</i>,,,,,,,,
dialogue_8CYCqC6,<color=#ff8000>(( <b>Galleon</b> ))</color>,,,,,,,,<color=#ff8000>(( <b>Галеон</b> ))</color>,,,,,,,,
dialogue_xS4US00,>>,,,,,,,,>>,,,,,,,,
dialogue_WqSmB8S,>>,,,,,,,,>>,,,,,,,,
dialogue_i0GYwmm,<color=#c0c0c0>Ex-</color><b><color=#0080ff>Captain</color></b>,,,,,,,,<color=#c0c0c0>Экс-</color><b><color=#0080ff>капитан</color></b>,,,,,,,,
dialogue_eiWiWi8,"@q0 @d1 \n<b>Welcome back</b>, Soldier!\n\n@w1 These two... <i><color=#ffffff>local Traders</color></i>  here, insist that you can navigate us out of this battle.\n\n@w1 And we are running out of <b>options</b>.",,,,,,,,"@q0 @d1 \n<b>С возвращением</b>, солдат!\n\n@w1 Эти двое... <i><color=#ffffff>местные торговцы</color></i> уверяют, что ты сможешь вывести нас из этого боя.\n\n@w1 А <b>вариантов</b> у нас почти не осталось.",,,,,,,,
dialogue_W4KWa8e,<i>[ Exit & Main <color=#ffffff>Pilot seat unlocked</color> ]</i>,,,,,,,,<i>[ Выход и главное <color=#ffffff>Кресло пилота разблокировано</color> ]</i>,,,,,,,,
dialogue_GKai0aK,@q0 @d1\n... Then <color=#ffff00>take your seat</color>.\n@w1\n Get us out of here.,,,,,,,,@q0 @d1\n... Тогда <color=#ffff00>садись за штурвал</color>.\n@w1\n Вытащи нас отсюда.,,,,,,,,
dialogue_uaSCq40,@q0 @d1 Farm lost too much <b>oxygen</b>.\n@w1\nGo outside.<color=#ffffff> Collect Ice.  </color>\nOne-hundred units. We need that.,,,,,,,,@q0 @d1 Ферма потеряла слишком много <b>кислорода</b>.\n@w1\nВыходи наружу.<color=#ffffff> Собери лёд.</color>\nНужно сто единиц.,,,,,,,,
dialogue_4iSuS8i,<i>[ Leave ]</i>,,,,,,,,<i>[ Уйти ]</i>,,,,,,,,
dialogue_OCa8C0a,"@q0 @d1 \n@w1 For a moment, there, your <color=#ffffff>skin </color>looked so much<color=#ffffff> <i>healtiher</i></color>...!\n\n@w1 But you were making all those strange noises and gestures...",,,,,,,,@q0 @d1 \n@w1 На мгновение твоя <color=#ffffff>кожа</color> стала выглядеть куда <color=#ffffff><i>здоровее</i></color>...!\n\n@w1 Но потом ты начал издавать странные звуки и размахивать руками...,,,,,,,,
dialogue_suaKiB8,"@q0 @d1 \nGalleon doesn't tell... but he is <b>worried</b>.\n\n@w1 That it might have <b>done you a bit too good</b>, there.",,,,,,,,"@q0 @d1 \nГалеон не говорит... но он <b>переживает</b>.\n\n@w1 Боится, что тогда он <b>перестарался</b> с тобой.",,,,,,,,
dialogue_u00Ciqu,"@q0 @d1\nBut you are back. And I see, your <b>head-fur</b> has been ever growing!\n<i></i>\n- ... You do <color=#ffffff>remember</color> all this, yes...?",,,,,,,,"@q0 @d1\nНо ты вернулся. И я вижу, твой <b>головной мех</b> продолжает расти!\n<i></i>\n- ... Ты ведь <color=#ffffff>помнишь</color> всё это, да...?",,,,,,,,
dialogue_umCuWiS,Yes,,,,,,,,Да,,,,,,,,
dialogue_iWm4KqW,Totally,,,,,,,,Ещё как,,,,,,,,
dialogue_8mWKisq,Of course!,,,,,,,,Конечно!,,,,,,,,
dialogue_o8OaWQS,All clear.,,,,,,,,Всё ясно.,,,,,,,,
dialogue_WrWCaKW,"@q0 @d1\nGreat. @w1\n\nThen<b> lets do this </b>here. - We deliver our cargo. \nAfter that, we all can make landfall. Relax at a nice beach, or something ...",,,,,,,,@q0 @d1\nОтлично. @w1\n\nТогда<b> за дело</b>. Доставим наш груз. \nПотом все сможем высадиться. Отдохнём на хорошем пляже или ещё где-нибудь...,,,,,,,,
dialogue_4WWeeqW,<i>[ Leave ]</i>,,,,,,,,<i>[ Уйти ]</i>,,,,,,,,
dialogue_ee0WqG0,@q0 @d1\nIt is your <color=#ffffff>human <b>fleet</b></color>. \n@w1 I think we found it. - Nearby.,,,,,,,,"@q0 @d1\nЭто твой <color=#ffffff>человеческий <b>флот</b></color>. \n@w1 Кажется, мы его нашли. Он где-то рядом.",,,,,,,,
dialogue_aau4SaW,>>,,,,,,,,>>,,,,,,,,
dialogue_aq8KO4D,>>,,,,,,,,>>,,,,,,,,
dialogue_8Smmm0a,"@q0 @d1 \nIt was just a delicious <b>alien spike lemon!</b> <i>- - Sharpens the mind!</i>\n\n- Galleon had to <b>tap you</b> a bit.. ,  to get you <b>calm </b>again.",,,,,,,,@q0 @d1 \nЭто всего лишь вкусный <b>инопланетный колючий лимон!</b> <i>- - Обостряет ум!</i>\n\n- Галеону пришлось слегка <b>стукнуть тебя</b>... чтобы ты снова <b>успокоился</b>.,,,,,,,,
dialogue_C7CmCei,'Tapping' ? - Seems more like 'inflicted a closed fracture' ...,,,,,,,,«Слегка стукнуть»? Больше похоже на «нанести закрытый перелом»...,,,,,,,,
dialogue_CmYa4Km,>>,,,,,,,,>>,,,,,,,,
dialogue_qn0EsS0,'Spike lemon' ... I don't feel so well ...,,,,,,,,«Колючий лимон»... Что-то мне нехорошо...,,,,,,,,
dialogue_aiOmaOI,"@q0 @d1\n- Now <i>please</i><color=#ffffff> <color=#ffff00>help Galleon</color></color>, before he <b>triggers</b> our cargo ... !",,,,,,,,"@q0 @d1\n- А теперь <i>пожалуйста</i><color=#ffffff> <color=#ffff00>помоги Галеону</color></color>, пока он не <b>подорвал</b> наш груз...!",,,,,,,,
dialogue_a0SW8e8,"@q0 @d1\n... @w1well, <color=#ffffff>curse </color>you ...!\n@w1\n... Why, Human, ... why did we even let you on board ... ?!",,,,,,,,"@q0 @d1\n... @w1ну будь ты <color=#ffffff>проклят</color>...!\n@w1\n... Зачем, человек... зачем мы вообще взяли тебя на борт...?!",,,,,,,,
dialogue_OiSCKOS,>>,,,,,,,,>>,,,,,,,,
dialogue_eqaaSeI,"@q0 @d1 \nThen, get going<i>, </i>Human. @w1\n<i><b>Earn </b>your ride.</i>\n@w1<i></i>\nOne day, we might <b>find </b>your <color=#ffffff>home fleet</color> .",,,,,,,,"@q0 @d1 \nТогда вперёд<i>, </i>человек. @w1\n<i><b>Отработай</b> свою поездку.</i>\n@w1<i></i>\nОднажды мы, возможно, <b>найдём</b> твой <color=#ffffff>родной флот</color>.",,,,,,,,
dialogue_GuCOiOi,... What happened to me?,,,,,,,,... Что со мной случилось?,,,,,,,,
dialogue_eSOiqia,Where is the fleet now ?,,,,,,,,Где теперь флот?,,,,,,,,
dialogue_WieGmq0,(...),,,,,,,,(...),,,,,,,,
dialogue_8UeaqaX,>>,,,,,,,,>>,,,,,,,,
dialogue_Km18umu,"... There is a <b>problem</b> with that, right?",,,,,,,,"... С этим ведь <b>есть проблема</b>, верно?",,,,,,,,
dialogue_Cii4qUC,@q0 @d1 \n'Connecting to subspace network ...'\n@w1 <i>- </i>'Successful. Your Network ID is ...' - \n@w1 - [ <b>Incoming call</b> detected ],,,,,,,,@q0 @d1 \n«Подключение к сети подпространства...»\n@w1 <i>- </i>«Успешно. Ваш сетевой идентификатор...» - \n@w1 - [ Обнаружен <b>входящий вызов</b> ],,,,,,,,
dialogue_aW0aC8q,>>,,,,,,,,>>,,,,,,,,
dialogue_CRQC8Ae,"@q0 @d1  \n<i>- <color=#ffffff>Human</color>, is that you ... ?!</i>\n@w1 <i>Incredible! - <color=#ffffff>You made it</color>! </i>\n@w1 <i>But - <b>how.</b>..</i>",,,,,,,,"@q0 @d1  \n<i>- <color=#ffffff>Человек</color>, это ты...?!</i>\n@w1 <i>Невероятно! Ты <color=#ffffff>выбрался</color>! </i>\n@w1 <i>Но... <b>как</b>?..</i>",,,,,,,,
dialogue_i4mGq8W,>>,,,,,,,,>>,,,,,,,,
dialogue_GeWW0qW,"@q0 @d1 \n<i>- talk to you later. -  @w1 - Oh, and if you <color=#ff8000>warp back</color>,  just try to avoid the local Zirax !\nGalleon, if you would be so kind - ...</i>  <i></i><color=#ffffff>[ Explosions ]</color>",,,,,,,,"@q0 @d1 \n<i>- Поговорим позже. @w1 - О, и если будешь <color=#ff8000>прыгать обратно</color>, постарайся не лезть к местным Зираксам! \nГалеон, будь добр - ...</i>  <i></i><color=#ffffff>[ Взрывы ]</color>",,,,,,,,
dialogue_QmI8a04,>>,,,,,,,,>>,,,,,,,,
dialogue_aCu4880,\n@q0 @d1 @w1 ...\n@w1 <i>'</i>Timeout reached. <b>Connection failed</b> after 1500 retries. - Stopping.',,,,,,,,\n@q0 @d1 @w1 ...\n@w1 <i>«</i>Время ожидания истекло. <b>Соединение не установлено</b> после 1500 попыток. Работа прекращена.»,,,,,,,,
dialogue_r4Kue4O,<i>[ Leave Console ]</i>,,,,,,,,<i>[ Покинуть консоль ]</i>,,,,,,,,
dialogue_8mh8iwK,@d1 \n<i>'Cannot re-establish connection. Network failure. - Stopping.'</i>,,,,,,,,@d1 \n<i>«Не удаётся восстановить соединение. Сбой сети. Работа прекращена.»</i>,,,,,,,,
dialogue_Cqaia0W,<i>[ Leave Console ]</i>,,,,,,,,<i>[ Покинуть консоль ]</i>,,,,,,,,
dialogue_Ki0Km8C,<color=#c0c0c0>Console</color>,,,,,,,,<color=#c0c0c0>Консоль</color>,,,,,,,,
dialogue_LiK4W8K,>>,,,,,,,,>>,,,,,,,,
dialogue_GSO4uqK,"@q0 @d1  \n<i>... <b>How </b>did you even end up </i>@w1 <i> ... in <b>that system</b> ?  - Spaceship teleporters don't reach that far?!</i>\n\n@w1 <i>No matter. - <color=#ffff00>Get on a ship</color>, ... somehow? And we'll <color=#ffff00>meet up</color> back here at '<color=#ffffff>Heka Artemis</color>' star system. </i>\n@w1 <i>Your fleet is here.</i>",,,,,,,,"@q0 @d1  \n<i>... <b>Как</b> ты вообще оказался</i>@w1 <i>... в <b>той системе</b>? Космические телепортеры так далеко не достают!</i>\n\n@w1 <i>Неважно. - <color=#ffff00>Садись на корабль</color>... как-нибудь. А мы <color=#ffff00>встретимся</color> здесь, в системе «<color=#ffffff>Хека Артемида</color>».</i>\n@w1 <i>Твой флот здесь.</i>",,,,,,,,
dialogue_aqK8SGK,Ready.,,,,,,,,Готов.,,,,,,,,
dialogue_ewqCiGC,Yes.,,,,,,,,Да.,,,,,,,,
dialogue_Ou88eGK,Of course,,,,,,,,Конечно.,,,,,,,,
dialogue_u5Gqaqu,@q0 @d1 \nYour profile lists you as <b>pilot</b>... \n\n@w1 ... Are you still able to<color=#ffffff> <color=#ffff00>fly</color> <color=#ffff00>such a vessel</color></color> ?,,,,,,,,@q0 @d1 \nВ твоём профиле указано: <b>пилот</b>... \n\n@w1 ... Ты ещё способен<color=#ffffff> <color=#ffff00>управлять</color> <color=#ffff00>таким кораблём</color></color>?,,,,,,,,
dialogue_YCmwOWu,Totally,,,,,,,,Ещё как.,,,,,,,,
dialogue_ueSiaOO,<i>[ Leave ]</i>,,,,,,,,<i>[ Уйти ]</i>,,,,,,,,
dialogue_CmeWsGG,"@q0 @d1\nPilot seat, at the front.",,,,,,,,@q0 @d1\nКресло пилота — впереди.,,,,,,,,
dialogue_KNSiOue,"@d1 \nGreetings, {PlayerName}\n\n@w1 So, you made it.\n\n@w1 You <u><i>are</i></u> a <color=#ffffff>pilot</color>, right...?",,,,,,,,"@d1 \nПриветствую, {PlayerName}\n\n@w1 Значит, ты добрался.\n\n@w1 Ты ведь <u><i>пилот</i></u>, верно...?",,,,,,,,
dialogue_4bOMC8k,<i>[ Leave ]</i>,,,,,,,,<i>[ Уйти ]</i>,,,,,,,,
dialogue_Y0mQG08,@w1\n{PlayerName} !\n\n@w1 Glad to see you again. And in good health.\n... We have waited for you.,,,,,,,,@w1\n{PlayerName}!\n\n@w1 Рад снова тебя видеть. И в добром здравии.\n... Мы тебя ждали.,,,,,,,,
dialogue_C8Kmama,@w1\nHow the times have changed...,,,,,,,,@w1\nКак же всё изменилось...,,,,,,,,
dialogue_W8ameue,<i>[ Leave ]</i>,,,,,,,,<i>[ Уйти ]</i>,,,,,,,,
dialogue_xqmeW60,<i>[ Leave ]</i>,,,,,,,,<i>[ Уйти ]</i>,,,,,,,,
dialogue_OWeamee,"@w1\nI'll just ... @w1 find a safe spot, while you <color=#ffffff>fly this thing.</color>",,,,,,,,"@w1\nЯ пока... @w1 найду укромное место, а ты <color=#ffffff>управляй этой штукой.</color>",,,,,,,,
dialogue_OKcmdii,<i>[ Leave ]</i>,,,,,,,,<i>[ Уйти ]</i>,,,,,,,,
dialogue_0S8aS4i,<i>[ Leave ]</i>,,,,,,,,<i>[ Уйти ]</i>,,,,,,,,
dialogue_aSiMmKm,@d0\n<color=#ff80ff>(Here be building help info)</color>,,,,,,,,@d0\n<color=#ff80ff>(Здесь будет справка по строительству)</color>,,,,,,,,
dialogue_OaOWDue,@d1 \n'Cannot access network.\nConnection has been manually severed. ',,,,,,,,@d1 \n«Нет доступа к сети.\nСоединение было разорвано вручную.»,,,,,,,,
dialogue_q2WeCu8,<i>[ Leave Console ]</i>,,,,,,,,<i>[ Покинуть консоль ]</i>,,,,,,,,
dialogue_Ciu4CKq,@q0 @d1\nWas I not clear ... ?,,,,,,,,@q0 @d1\nЯ недостаточно ясно выразился...?,,,,,,,,
dialogue_aak4umU,Console,,,,,,,,Консоль,,,,,,,,
dialogue_qGG4aBu,@d1\nQuery?,,,,,,,,@d1\nЗапрос?,,,,,,,,
dialogue_CK88ciK,<i>[ Check last messages ]</i>,,,,,,,,<i>[ Просмотреть последние сообщения ]</i>,,,,,,,,
dialogue_8KVq00m,<i>[ Leave Console ]</i>,,,,,,,,<i>[ Покинуть консоль ]</i>,,,,,,,,
dialogue_Kq4auW8,@d1\nMessage date...\n\n- This is Rescue. Hearing you loud and clear. \n@w1\n- Understood. - Please keep calm. You are safe now.,,,,,,,,"@d1\nДата сообщения...\n\n- Это служба спасения. Слышим вас хорошо. \n@w1\n- Вас поняли. Пожалуйста, сохраняйте спокойствие. Теперь вы в безопасности.",,,,,,,,
dialogue_Kmaueaq,<i>[ Leave Console ]</i>,,,,,,,,<i>[ Покинуть консоль ]</i>,,,,,,,,
dialogue_OqSGKiq,>>,,,,,,,,>>,,,,,,,,
dialogue_CSiKK88,"Message date...\n- This is Rescue. Hearing you loud and clear. \n- Understood. - Please keep calm. You are safe now.\n\nMessage date...\n- We have an urgent request from MissionOps.\n- Repeat, this is an A-1 case.\nPlease see file. <i>[Attachment missing]</i>\n\nMessage date...\n- Confirmed, network is offline. Well done.\n- Pickup will take a bit longer, until the Code sappers are free. \n\nMessage date...\n- We apologize for not calling back sooner. The whole star cluster has been listed for quarantine. \n- Yes. Just leave this mess as it is.  - And, the AI Dev unit wants to have a talk. \n- No. Just to know, what they might be getting into.\n\nMessage date...\n- This is it - - we organized a local transport. Called '<b>Taurus</b>'.\nCollection point is at northern Nest base. Get there asap. \nBlueprint for a cheap Hover Vessel is at the end of this message. Spawn it with the Factory.  <i>[Attachment missing]</i>\n\n- Yes. But really well paid ones. - Don't worry.\n\nMessage date...\n- A Zirax Battlecuiser is headed for in-system. The whole set, together with a Dronebase Teleporter Lens.\nWhat is the status of your Hover Vessel?\n\n(( End of Messages ))",,,,,,,,"Дата сообщения...\n- Это служба спасения. Слышим вас хорошо.\n- Вас поняли. Пожалуйста, сохраняйте спокойствие. Теперь вы в безопасности.\n\nДата сообщения...\n- У нас срочный запрос от оперативного штаба.\n- Повторяю: случай категории А-1.\nОзнакомьтесь с файлом. <i>[Вложение отсутствует]</i>\n\nДата сообщения...\n- Подтверждено: сеть отключена. Хорошая работа.\n- Эвакуация займёт чуть больше времени, пока не освободятся сапёры-кодеры.\n\nДата сообщения...\n- Приносим извинения, что не перезвонили раньше. Всё звёздное скопление отправлено на карантин.\n- Да. Просто оставьте этот бардак как есть. И отдел разработки ИИ хочет с вами поговорить.\n- Нет. Просто хотят понять, во что могут ввязаться.\n\nДата сообщения...\n- Вот и всё — мы организовали местный транспорт. Называется «<b>Таурус</b>».\nТочка сбора — на северной базе Нест. Доберитесь туда как можно скорее.\nЧертёж дешёвого ховерного транспорта приложен в конце сообщения. Создайте его на фабрике. <i>[Вложение отсутствует]</i>\n\n- Да. Но оплачиваемых <b>очень хорошо</b>. Не переживайте.\n\nДата сообщения...\n- В систему направляется боевой крейсер Зираксов. Полный комплект, вместе с линзой телепортера базы дронов.\nКаков статус вашего ховерного транспорта?\n\n(( Конец сообщений ))",,,,,,,,
dialogue_0S0KGC8,<i>[ Leave Console ]</i>,,,,,,,,<i>[ Покинуть консоль ]</i>,,,,,,,,
dialogue_44gmuuS,>>,,,,,,,,>>,,,,,,,,
dialogue_iGCYe8j,"@d1\nMessage date...\n\n- We have an urgent request from MissionOps.\n@w1\n- Repeat, this is an A-1 case.\nPlease see file. <i>[Attachment missing]</i>",,,,,,,,@d1\nДата сообщения...\n\n- У нас срочный запрос от оперативного штаба.\n@w1\n- Повторяю: случай категории А-1.\nОзнакомьтесь с файлом. <i>[Вложение отсутствует]</i>,,,,,,,,
dialogue_GWaSauW,>>,,,,,,,,>>,,,,,,,,
dialogue_4iWimO0,<i>[ Leave Console ]</i>,,,,,,,,<i>[ Покинуть консоль ]</i>,,,,,,,,
dialogue_Su0u8Oe,"@d1\nMessage date...\n\n- Confirmed, network is offline. Well done.\n@w1\n- Pickup will take a bit longer, until the Code sappers are ready.",,,,,,,,"@d1\nДата сообщения...\n\n- Подтверждено: сеть отключена. Хорошая работа.\n@w1\n- Эвакуация займёт чуть больше времени, пока сапёры-кодеры не будут готовы.",,,,,,,,
dialogue_aqSGuqC,>>,,,,,,,,>>,,,,,,,,
dialogue_840OaSa,<i>[ Leave Console ]</i>,,,,,,,,<i>[ Покинуть консоль ]</i>,,,,,,,,
dialogue_00eWKOK,"@d1\nMessage date...\n\n- We apologize for not calling back sooner. The whole star cluster has been listed for quarantine. \n@w1\n- Yes. Just leave this mess as it is.  - And, TechUnit wants to have a talk. \n@w1\n- No. Just to know, what they might be getting into.",,,,,,,,"@d1\nДата сообщения...\n\n- Приносим извинения, что не перезвонили раньше. Всё звёздное скопление отправлено на карантин.\n@w1\n- Да. Просто оставьте этот бардак как есть. И техотдел хочет с вами поговорить.\n@w1\n- Нет. Просто хотят понять, во что могут ввязаться.",,,,,,,,
dialogue_uMUWGGi,>>,,,,,,,,>>,,,,,,,,
dialogue_a80uua8,<i>[ Leave Console ]</i>,,,,,,,,<i>[ Покинуть консоль ]</i>,,,,,,,,
dialogue_OiG8W4K,@d1 \nMessage date...\n\n- This is it - - we organized a local transport. Called '<b>Taurus</b>'. Collection point is at northern Nest base. Get there asap.,,,,,,,,@d1 \nДата сообщения...\n\n- Вот и всё — мы организовали местный транспорт. Называется «<b>Таурус</b>». Точка сбора — на северной базе Нест. Доберитесь туда как можно скорее.,,,,,,,,
dialogue_ueeUiKu,>>,,,,,,,,>>,,,,,,,,
dialogue_O8CT00u,<i>[ Leave Console ]</i>,,,,,,,,<i>[ Покинуть консоль ]</i>,,,,,,,,
dialogue_GK48qOm,@d1\n\n- Yes. But <b>really well </b>paid ones. - Don't worry.\n@w1\n- Blueprint for a cheap Hover Vessel is at the end of this message. Spawn it with the Factory.  <i>[Attachment missing]</i>,,,,,,,,@d1\n\n- Да. Но оплачиваемых <b>очень хорошо</b>. Не переживайте.\n@w1\n- Чертёж дешёвого ховерного транспорта приложен в конце сообщения. Создайте его на фабрике. <i>[Вложение отсутствует]</i>,,,,,,,,
dialogue_K40uCaK,>>,,,,,,,,>>,,,,,,,,
dialogue_CWmSKS0,<i>[ Leave Console ]</i>,,,,,,,,<i>[ Покинуть консоль ]</i>,,,,,,,,
dialogue_W0KiOuS,"@d1 \nMessage date...\n\n- A Zirax Battlecruiser is headed for in-system. The whole set, together with a Dronebase Teleporter Lens.\n\nWhat is the status of your Hover Vessel?",,,,,,,,"@d1 \nДата сообщения...\n\n- В систему направляется боевой крейсер Зираксов. Полный комплект, вместе с линзой телепортера базы дронов.\n\nКаков статус вашего ховерного транспорта?",,,,,,,,
dialogue_6KY40Gi,>>,,,,,,,,>>,,,,,,,,
dialogue_4qijmOG,<i>[ Leave Console ]</i>,,,,,,,,<i>[ Покинуть консоль ]</i>,,,,,,,,
dialogue_K4uumqc,@d1 \n\n(End of Messages),,,,,,,,@d1 \n\n(Конец сообщений),,,,,,,,
dialogue_eKueuas,<i>[Repeat]</i>,,,,,,,,<i>[Повтор]</i>,,,,,,,,
dialogue_CqeqSiV,<i>[ Leave Console ]</i>,,,,,,,,<i>[ Покинуть консоль ]</i>,,,,,,,,
dialogue_KC4q8i0,What is it?,,,,,,,,Что такое?,,,,,,,,
dialogue_aume00S,@q0 @d1 \nYou are back. @w1 Good.\n\nWe need to move.,,,,,,,,@q0 @d1 \nТы вернулся. @w1 Хорошо.\n\nНам пора двигаться.,,,,,,,,
dialogue_40KYWwa,<color=#c0c0c0>The </color><color=#0080ff><b>Captain</b></color>,,,,,,,,<color=#c0c0c0></color><color=#0080ff><b>Капитан</b></color>,,,,,,,,
dialogue_4akWemF,"@q0 @d1\nWe should not stay here. - @w1  - Sensors are calm, but I've got a <b><i>bad feeling</i></b> about this ...\n@w2\nAnd <color=#ffffff>Galleon</color> is already exploding things.",,,,,,,,"@q0 @d1\nНам не стоит здесь задерживаться. @w1 - Датчики спокойны, но у меня <b><i>дурное предчувствие</i></b>...\n@w2\nА <color=#ffffff>Галеон</color> уже что-то взрывает.",,,,,,,,
dialogue_4u8ql5C,Why did you lock the Bunk door?,,,,,,,,Зачем ты запер дверь каюты?,,,,,,,,
dialogue_XSa0K09,Can't be done much about it. <color=#ffffff>[Skip all]</color>,,,,,,,,Тут уже ничего не поделаешь. <color=#ffffff>[Пропустить всё]</color>,,,,,,,,
dialogue_Smu6C7S,<i>( Nevermind... )</i>,,,,,,,,<i>( Неважно... )</i>,,,,,,,,
dialogue_O0uWKWK,<i>( Nevermind... )</i>,,,,,,,,<i>( Неважно... )</i>,,,,,,,,
dialogue_aeOeeKa,<i>( Nevermind... )</i>,,,,,,,,<i>( Неважно... )</i>,,,,,,,,
dialogue_8800WWA,"So, why <i>did</i> you lock the bunk door?",,,,,,,,Так почему ты <i>всё-таки</i> запер дверь каюты?,,,,,,,,
dialogue_MG8W4Om,"@q0 \n@d1 ... I don't want the <i><b>human </b></i>messing up the negotiations ...\n@w1\nBesides, @w1 \n- you weren't in much of a good shape anyway.",,,,,,,,"@q0 \n@d1 ... Я не хотел, чтобы этот <i><b>кожаный мешок</b></i> сорвал переговоры...\n@w1\nК тому же, @w1 \n- ты и так был не в лучшей форме.",,,,,,,,
dialogue_88uqu4O,>>,,,,,,,,>>,,,,,,,,
dialogue_SG08SuC,<i>[ Leave ]</i>,,,,,,,,<i>[ Уйти ]</i>,,,,,,,,
dialogue_Ce8o1aK,... What happened to me?,,,,,,,,... Что со мной случилось?,,,,,,,,
dialogue_mCCqqaW,Where is the fleet now ?,,,,,,,,Где теперь флот?,,,,,,,,
dialogue_emu8SG8,... How did you find the fleet?,,,,,,,,... Как ты нашёл флот?,,,,,,,,
dialogue_Wu4eqqe,@q0 @d1\nAny <i>other </i>questions ?,,,,,,,,@q0 @d1\nЕсть <i>ещё</i> вопросы?,,,,,,,,
dialogue_eiWOuSS,"OK, got it!   <i>[ <color=#ffffff>Close note</color> & end of invulnerability ]</i>",,,,,,,,Понятно! <i>[ <color=#ffffff>Закрыть заметку</color> и отключить неуязвимость ]</i>,,,,,,,,
dialogue_mqqS04C,Topic: Armor durability,,,,,,,,Тема: Прочность брони,,,,,,,,
dialogue_sqSi4KW,"@d0<i> [ Note: You are currently <color=#ffffff>invulnerable </color>]</i>\n@w1 \n@d0 <color=#ff8000><u>Reminder</u>: In difficult battles, </color><color=#ffff00>keep track of your <b>Armor</b> <b>durability</b></color>.\n<i>(-> In your Inventory, hover with the mouse over the Armor icon, or check length of bar)</i>\n\nOnce your <color=#ffffff>Armor breaks, </color><b><color=#ffffff>bullet protection will fail.</color> </b>- - Repair it, if needed.",,,,,,,,"@d0<i> [ Внимание: сейчас вы <color=#ffffff>неуязвимы</color>]</i>\n@w1 \n@d0 <color=#ff8000><u>Напоминание</u>: в тяжёлых боях </color><color=#ffff00>следите за <b>прочностью</b> своей <b>брони</b></color>.\n<i>(-> В инвентаре наведите курсор на значок брони либо посмотрите на длину шкалы)</i>\n\nКогда ваша <color=#ffffff>броня сломается,</color> <b><color=#ffffff>защита от пуль перестанет работать.</color></b> - При необходимости почините её.",,,,,,,,
dialogue_4KeKGOw,"@d0<i> [ Note: You are currently <color=#ffffff>invulnerable </color>]</i>\n@w1 \n@d0 You just died and <b><color=#ff8000>dropped a part of your gear</color></b> in a backpack. - It will <b>vanish in </b><color=#ffffff><b>20 minutes.    </b> </color>\n\n<i>- When too close to enemies, use your </i><u><b>Tool Drone</b></u> <color=#00ff00>[ F5 ]</color> <i>to reach it.</i>\n<i>- How much items you drop can be adjusted in the game's <b>difficulty settings</b>.</i>",,,,,,,,"@d0<i> [ Внимание: сейчас вы <color=#ffffff>неуязвимы</color>]</i>\n@w1 \n@d0 Вы только что погибли и <b><color=#ff8000>уронили часть снаряжения</color></b> в рюкзак. Он <b>исчезнет через</b> <color=#ffffff><b>20 минут.</b></color>\n\n<i>- Если рядом враги, используйте </i><u><b>дрон-инструмент</b></u> <color=#00ff00>[ F5 ]</color><i>, чтобы добраться до него.</i>\n<i>- Количество теряемых предметов можно настроить в <b>параметрах сложности</b> игры.</i>",,,,,,,,
dialogue_mqGCGaw,Topic: <color=#ffffff><b>Lost backpack</b></color>,,,,,,,,Тема: <color=#ffffff><b>Потерянный рюкзак</b></color>,,,,,,,,
dialogue_umWC8GO,"OK, got it!   <i>[ <color=#ffffff>Close note</color> & end of invulnerability ]</i>",,,,,,,,Понятно! <i>[ <color=#ffffff>Закрыть заметку</color> и отключить неуязвимость ]</i>,,,,,,,,
dialogue_o7O8KOS,"@q0 @d1\n... @w1 ... well ...\n<i>\n<color=#c0c0c0>( Hard to tell for an alien, but he seems to be shaking... The visor hides his pupils- )</color></i>",,,,,,,,"@q0 @d1\n... @w1 ... ну...\n<i>\n<color=#c0c0c0>( Трудно сказать про инопланетянина, но, похоже, его трясёт... Визор скрывает зрачки... )</color></i>",,,,,,,,
dialogue_muKOaSW,"<i>( Drugs, maybe ? )</i>",,,,,,,,"<i>( Может, наркотики? )</i>",,,,,,,,
dialogue_m0uOwK0,<i>( Nevermind... )</i>,,,,,,,,<i>( Неважно... )</i>,,,,,,,,
dialogue_Cm4uaSa,@d0@q0The following overview contains categories for which we would like to get your feedback to improve your  gameplay experience.\n\nPlease choose an option below to get started.\n\n<i>Note: Please do not use the feedback forms below to report bugs. More info can be found here: ‘<color=#ffae00>How to report a bug</color>’</i>,"@d0@q0Die folgende Übersicht enthält Kategorien, zu denen wir gerne dein Feedback erhalten würden, um dein Spielerlebnis zu verbessern.\n\nBitte wähle eine Option unten, um zu beginnen.\n\n<i>Hinweis: Bitte benutze die untenstehenden Feedback-Formulare nicht, um Bugs zu melden. Weitere Informationen findest du hier: ‘<color=#ffae00>Wie man einen Bug meldet</color>’</i>",@d0@q0L'aperçu suivant contient des catégories pour lesquelles nous aimerions avoir vos retours afin d'améliorer votre expérience de jeu.\n\nVeuillez choisir une option ci-dessous pour commencer.\n\n<i>Note : Merci de ne pas utiliser les formulaires de retour ci-dessous pour signaler des bugs. Plus d'infos peuvent être trouvées ici : ‘<color=#ffae00>Comment signaler un bug</color>’</i>,"@d0@q0La seguente panoramica contiene categorie per le quali ci piacerebbe ricevere il tuo feedback per migliorare la tua esperienza di gioco.\n\nPer favore, scegli un'opzione qui sotto per iniziare.\n\n<i>Nota: Ti preghiamo di non utilizzare i moduli di feedback qui sotto per segnalare bug. Maggiori informazioni possono essere trovate qui: ‘<color=#ffae00>Come segnalare un bug</color>’</i>","@d0@q0La siguiente visión general contiene categorías para las cuales nos gustaría recibir tus comentarios para mejorar tu experiencia de juego.\n\nPor favor, elige una opción a continuación para comenzar.\n\n<i>Nota: Por favor, no uses los formularios de comentarios a continuación para reportar errores. Más información se puede encontrar aquí: ‘<color=#ffae00>Cómo reportar un error</color>’</i>",,"@d0@q0A seguinte visão geral contém categorias para as quais gostaríamos de receber seu feedback para melhorar sua experiência de jogo.\n\nPor favor, escolha uma opção abaixo para começar.\n\n<i>Nota: Por favor, não use os formulários de feedback abaixo para relatar bugs. Mais informações podem ser encontradas aqui: ‘<color=#ffae00>Como relatar um bug</color>’</i>",,"@d0@q0В этом разделе перечислены темы, по которым нам хотелось бы получить ваш отзыв, чтобы сделать игру лучше.\n\nЧтобы начать, выберите вариант ниже.\n\n<i>Примечание: не используйте формы обратной связи ниже для сообщений об ошибках. Подробнее: «<color=#ffae00>Как сообщить об ошибке</color>»</i>",,@d0@q0以下概述包含我们希望您提供反馈的类别，以改善您的游戏体验。\n\n请在下面选择一个选项以开始。\n\n<i>注意：请不要使用下面的反馈表来报告错误。更多信息可以在这里找到：‘<color=#ffae00>如何报告错误</color>’</i>,,,,,,
dialogue_WbUWmOO,Close,Schließen,Fermer,Chiudi,Cerrar,,Fechar,,Закрыть,,关闭,,,,,,
dialogue_eiigiO8,<color=#fb00ff>Send us your feedback!</color>,<color=#fb00ff>Schick uns dein Feedback!</color>,<color=#fb00ff>Envoyez-nous vos retours !</color>,<color=#fb00ff>Inviaci il tuo feedback!</color>,<color=#fb00ff>¡Envíanos tus comentarios!</color>,,<color=#fb00ff>Envie-nos seu feedback!</color>,,<color=#fb00ff>Отправьте нам свой отзыв!</color>,,<color=#fb00ff>发送您的反馈给我们！</color>,,,,,,
dialogue_C81ce4C,Send us your feedback about the Standalone Tutorial scenario!,,,,,,,,Отправьте отзыв о самостоятельном сценарии обучения!,,,,,,,,
dialogue_0auK4SS,Standalone TUTORIAL scenario,,,,,,,,Самостоятельный ОБУЧАЮЩИЙ сценарий,,,,,,,,
dialogue_4WuS44m,<color=#ffae00>How to report a bug?</color>,<color=#ffae00>Wie meldet man einen Fehler?</color>,<color=#ffae00>Comment signaler un bug ?</color>,<color=#ffae00>Come segnalare un bug?</color>,<color=#ffae00>¿Cómo reportar un error?</color>,,<color=#ffae00>Como reportar um bug?</color>,,<color=#ffae00>Как сообщить об ошибке?</color>,,<color=#ffae00>如何报告错误？</color>,,,,,,
dialogue_BuuRGWi,Back to Feedback Overview,,,,,,,,Вернуться к обзору отзывов,,,,,,,,
